{
  "assemblyStates": {
    "CE7AD56C208_v2_sub_g.Ge6ef21VSeM1zRwTE1aoCE71": {
      "namespace": "UiPath.IntegrationService.Activities.SWEntities.CE7AD56C208_v2_sub_generateChatCompletion_Create.Bundle",
      "providerName": "CustomEntities",
      "key": {
        "name": "UiPath.IntegrationService.Activities.SWEntities.CE7AD56C208_v2_sub_generateChatCompletion_Create",
        "hash": "WURZQ0EydURWdHVvSVJpeXlsS2RvRGlMeDdnNncxUGI5N05EQlIzRzg5TFNBaHpJNjdvb2d2NDU4eHN2R3l6YWsxWDFodEJ3Y1BETGlmVUtSckFrRFE9PQ",
        "assemblyName": "CE7AD56C208_v2_sub_g.Ge6ef21VSeM1zRwTE1aoCE71"
      }
    }
  }
}